ID,y
1,77.04499999999999
2,96.87499999999999
3,76.34049999999999
4,75.982
5,110.503
8,92.25449999999998
10,112.46799999999999
11,97.148
12,118.03024999999998
14,95.05799999999999
15,116.085
16,113.88200000000002
17,97.3208
19,94.68950000000001
20,100.48600000000002
21,119.16839999999999
22,122.296
23,98.12
26,102.482
28,95.845
29,98.12
33,98.12
35,94.806
41,96.78800000000001
42,92.69166666666668
43,116.05500000000002
45,106.301
46,105.48399999999997
51,102.97
53,76.51400000000001
55,112.86799999999998
56,96.46000000000001
57,104.955
58,96.735
59,110.481
63,112.46399999999998
64,96.114
65,106.33800000000001
69,92.58200000000002
71,94.566
72,99.994
73,92.186
76,112.4
77,106.81099999999999
78,113.18100000000001
82,94.65299999999999
83,106.33800000000001
84,97.953
85,104.03099999999999
87,109.58099999999999
88,96.78800000000001
89,115.60222222222221
91,95.329
93,95.72049999999999
94,103.0875
95,91.76199999999999
96,111.401
97,101.19666666666667
98,108.65400000000002
99,89.37
101,102.30999999999999
103,115.60222222222221
104,93.336
105,109.55499999999999
110,93.80199999999998
111,113.88899999999998
113,110.91
114,97.174
115,115.918
117,115.60222222222221
120,93.77799999999999
121,109.89650000000002
122,90.547
123,115.304
126,114.37299999999998
132,114.412
135,105.519
137,104.122
138,92.03200000000001
140,96.445
142,111.36200000000001
144,115.625
148,89.151
149,122.46100000000001
155,91.44000000000001
156,107.92699999999999
157,101.19666666666667
162,114.256
163,90.57
167,97.348
172,116.05500000000002
179,112.88799999999999
180,91.41699999999999
181,108.37
182,96.961
183,115.60222222222221
185,115.60222222222221
187,110.07000000000001
188,93.59000000000002
189,100.30800000000002
191,92.982
192,110.79400000000001
193,96.669
194,113.354
195,93.667
196,112.90722222222223
198,95.03599999999999
199,111.67799999999997
201,101.309
204,94.561
205,112.21100000000001
206,94.262
210,92.38500000000002
211,102.30999999999999
216,116.30500000000002
219,118.03024999999998
220,92.76599999999999
221,111.55525000000003
226,108.37
227,94.60799999999999
228,108.1845
230,106.47250000000001
231,101.19666666666667
235,119.44000000000003
236,87.823
238,110.16
242,107.575
243,93.735
244,79.384
245,108.80700000000002
247,120.218
248,90.33
249,91.70400000000002
250,110.248
251,87.823
253,119.44000000000003
254,94.1
256,90.80799999999998
257,89.47
258,114.9
259,89.99600000000001
262,80.41000000000001
266,92.35499999999999
267,112.08899999999998
272,101.159
273,115.60222222222221
275,115.402
276,116.699
279,96.888
280,106.33800000000001
283,92.99300000000001
285,109.296
288,115.60222222222221
289,95.059
290,101.56700000000002
291,92.14699999999998
292,108.37550000000002
293,112.91400000000002
296,108.33800000000001
297,110.2945
298,114.14399999999998
299,90.78999999999999
304,89.673
305,85.97600000000001
306,95.583
307,108.25999999999999
311,107.13399999999999
313,108.43000000000004
314,90.38
316,92.141
324,92.897
327,88.10499999999998
329,89.10000000000001
330,121.19000000000003
337,101.49499999999998
338,91.61399999999999
339,103.87
340,92.30300000000001
343,90.37000000000002
345,111.77000000000001
346,105.001
347,109.55600000000001
349,109.48799999999999
350,94.99800000000002
352,112.011
353,93.06400000000001
354,76.29499999999999
357,94.39349999999999
358,111.674
362,111.398
364,113.75999999999999
365,103.984
366,99.672
367,108.7105
368,93.076
370,76.4
373,91.22000000000001
377,94.544
378,109.19699999999997
382,108.53099999999999
384,108.10649999999998
390,89.66199999999999
392,114.19200000000001
393,109.68400000000001
395,94.29499999999999
396,108.93100000000001
399,75.024
406,108.43000000000004
408,108.43000000000004
409,90.889
410,76.228
412,116.68799999999999
413,90.93000000000002
419,94.07000000000001
420,114.103
421,89.05
430,105.546
434,90.52
436,103.24549999999999
437,90.03650000000002
438,87.04999999999998
439,110.55999999999997
440,90.9635
443,117.91783333333335
446,94.91999999999999
448,88.96900000000001
452,92.78
453,103.24299999999998
457,101.13
458,93.44000000000001
459,111.84099999999998
460,99.62100000000001
462,103.97
464,102.404
465,114.077
467,113.585
471,109.874
472,75.328
473,97.634
475,94.1455
480,98.00999999999999
488,108.08399999999999
490,108.25999999999999
491,105.434
492,76.64
493,91.717
497,89.57499999999999
498,125.3635
499,94.09599999999999
500,107.70299999999997
501,95.17100000000002
502,111.39399999999998
506,76.214
510,109.97433333333333
511,94.94449999999998
512,91.783
516,103.458
518,89.735
519,111.785
521,92.289
522,110.59649999999999
526,115.56800000000003
529,92.179
532,111.679
533,91.74000000000001
536,114.67999999999999
537,104.23599999999999
539,90.67899999999999
540,106.44000000000003
541,93.381
543,96.29899999999999
546,110.93800000000002
547,92.393
548,78.968
551,90.696
552,103.234
556,101.05999999999999
557,93.45399999999998
558,108.7105
559,91.958
560,113.816
562,111.85999999999999
566,90.358
570,125.3635
571,90.03650000000002
572,102.58000000000001
573,92.74
575,114.077
576,115.874
577,101.018
579,91.72149999999999
580,111.68800000000002
581,113.843
589,108.25999999999999
591,105.53299999999999
593,92.43299999999999
594,107.72999999999999
595,94.408
598,90.45899999999997
602,107.822
604,112.792
606,108.641
608,99.595
609,106.87
610,92.497
616,109.03699999999999
617,91.304
618,100.27000000000001
620,107.79399999999998
622,123.351
623,89.16999999999999
624,138.19700000000003
626,112.599
628,110.99600000000001
629,94.773
630,105.87
637,91.205
638,105.596
643,106.832
645,98.00999999999999
646,119.01499999999999
648,93.782
652,91.768
653,90.04750000000001
654,125.3635
656,111.60499999999999
657,97.40899999999999
659,91.553
660,107.08899999999998
663,86.98
664,116.54100000000001
666,104.13399999999999
668,110.974
669,91.0925
671,92.708
675,93.65599999999999
677,91.51900000000002
678,108.48599999999999
679,101.106
682,95.83699999999999
685,102.429
687,97.003
688,88.37400000000001
693,108.72349999999999
696,91.67399999999998
698,98.594
701,92.48799999999999
704,103.07200000000003
705,112.51799999999999
709,109.45
710,90.061
711,109.32300000000001
712,93.15299999999999
714,109.66400000000002
715,95.71700000000001
716,107.785
717,90.24300000000001
720,115.99699999999999
721,92.982
724,104.36499999999998
725,88.72000000000001
726,112.928
728,109.36200000000001
731,98.186
734,104.01799999999999
738,92.339
745,110.095
746,92.178
751,75.405
754,96.675
756,91.29299999999999
758,97.59349999999999
759,114.832
761,117.349
766,91.67766666666665
767,110.49199999999999
768,88.03599999999999
769,127.633
770,92.57499999999999
771,77.148
772,102.66100000000002
773,88.91574999999997
774,108.53
776,108.7105
777,92.31800000000001
780,116.6
782,104.13100000000001
787,102.897
788,93.975
792,90.10300000000001
793,111.3065
798,91.7345
800,93.981
806,107.785
809,108.922
811,110.95099999999998
812,91.98
814,112.19000000000003
816,106.239
817,91.98999999999998
818,107.72
820,113.0405
823,91.42999999999999
829,90.676
830,112.024
831,90.64399999999999
834,108.64200000000001
839,93.41399999999999
841,76.18
844,104.73999999999998
845,95.755
848,90.141
850,90.078
851,99.528
852,93.485
854,93.513
855,90.07199999999999
856,100.54400000000001
859,99.51
861,108.53
864,92.532
865,113.181
866,92.27199999999999
867,90.47399999999999
869,92.93499999999999
871,110.77000000000001
872,107.785
882,101.364
883,92.90999999999998
885,91.221
888,94.00199999999998
893,110.42750000000001
901,107.941
903,103.96000000000001
904,91.547
905,101.05100000000002
910,92.48
911,113.69650000000001
914,123.31800000000003
918,128.69299999999998
921,90.915
928,92.62199999999999
929,100.921
932,91.49600000000001
933,107.94000000000001
934,92.48
935,107.88699999999999
937,75.00399999999999
939,92.16666666666666
940,104.144
941,98.39600000000002
942,101.239
943,90.02999999999999
944,99.394
947,107.785
949,108.90799999999999
951,109.124
952,98.79499999999999
953,103.96000000000001
954,78.4395
957,109.90599999999999
959,92.965
960,111.543
963,112.19000000000003
965,107.785
967,106.16199999999999
971,89.88000000000001
972,79.62
973,94.25199999999998
974,112.221
975,99.035
978,117.447
980,111.86399999999999
981,93.02
984,123.20000000000002
986,92.48
988,88.03599999999999
989,115.231
990,119.42999999999999
992,107.941
996,95.5775
999,117.929
1000,93.74300000000001
1001,113.181
1002,94.14
1003,108.7105
1004,91.11100000000002
1008,110.55799999999999
1009,92.061
1010,113.8355
1012,118.07399999999998
1013,90.4325
1014,110.21533333333332
1015,95.43900000000001
1016,112.356
1019,93.037
1020,113.49600000000001
1021,92.48
1022,106.397
1024,92.48
1025,76.12050000000002
1027,96.17699999999999
1028,101.90799999999999
1029,91.146
1030,92.45599999999999
1033,113.103
1036,90.794
1037,110.373
1038,91.04800000000002
1042,92.16666666666666
1043,105.708
1044,89.697
1045,110.15700000000001
1047,110.223
1050,100.68400000000001
1051,110.03099999999999
1054,94.959
1056,93.02
1057,92.8355
1059,96.16600000000001
1062,104.27299999999998
1063,103.94199999999998
1064,93.02
1066,90.72099999999998
1070,103.085
1076,108.545
1077,106.93199999999999
1078,107.58099999999999
1080,115.046
1082,109.151
1083,91.47499999999998
1089,119.90799999999999
1091,94.00199999999998
1093,95.6515
1097,91.434
1099,94.51750000000001
1101,88.38
1103,100.147
1104,111.647
1106,110.431
1109,87.10000000000001
1110,126.68000000000004
1111,99.21
1112,111.41
1114,100.30683333333333
1116,100.203
1117,112.12
1120,96.21900000000001
1124,115.835
1125,91.84700000000001
1126,114.24499999999998
1134,112.106
1137,90.513
1138,118.213
1144,111.59333333333333
1145,95.33900000000001
1146,92.01679999999999
1148,108.31000000000002
1150,97.458
1152,95.69000000000001
1153,91.088
1154,104.269
1155,107.58300000000001
1157,91.9535
1162,117.85
1165,112.99000000000001
1166,105.88400000000001
1167,106.58599999999998
1168,96.60000000000001
1169,100.24000000000001
1171,122.296
1172,92.56199999999998
1173,100.24000000000001
1174,96.88149999999999
1176,101.99849999999999
1177,102.03099999999999
1178,92.65499999999999
1182,108.713
1186,93.695
1187,116.12000000000003
1188,92.74199999999999
1189,116.05500000000002
1191,110.843
1192,117.85
1197,123.994
1198,95.41066666666666
1200,81.06500000000003
1201,94.55100000000002
1203,101.26275
1209,118.03024999999998
1214,103.92799999999997
1218,111.88
1222,90.59899999999999
1226,90.38400000000001
1228,90.54800000000002
1230,94.79749999999999
1232,84.11899999999999
1233,99.1426
1236,116.38
1238,92.674
1241,111.59333333333333
1244,105.75
1246,92.34299999999999
1247,109.56500000000001
1250,110.921
1251,99.33899999999998
1254,116.52700000000002
1255,91.78699999999999
1256,106.40600000000002
1257,94.95000000000002
1258,92.485
1259,107.47999999999999
1260,91.83899999999998
1263,107.94000000000003
1267,77.42
1268,109.78500000000001
1271,109.248
1272,108.24500000000003
1274,103.123
1275,117.85
1276,110.26400000000001
1277,92.80300000000001
1279,92.01679999999999
1281,91.87899999999999
1282,92.74199999999999
1283,114.127
1285,110.439
1286,91.473
1289,114.619
1296,109.194
1299,93.62
1301,97.02999999999999
1306,92.4685
1307,92.648
1308,91.20000000000002
1313,110.26400000000001
1314,98.327
1315,126.68000000000004
1316,95.159
1317,110.595
1319,92.442
1323,92.78099999999999
1324,102.87500000000003
1325,93.03800000000001
1328,106.71000000000001
1329,94.66900000000001
1330,107.53999999999999
1331,93.23300000000002
1332,103.929
1337,99.115
1338,111.128
1339,92.51
1340,111.17799999999997
1343,116.84999999999998
1347,106.93500000000002
1348,91.51
1349,108.564
1352,91.87400000000001
1354,93.815
1359,115.71900000000001
1360,96.88900000000001
1363,111.48800000000001
1364,91.67399999999998
1365,101.44000000000001
1366,96.47600000000001
1372,90.92399999999999
1375,106.136
1376,94.41649999999998
1378,92.32900000000001
1379,110.247
1380,98.97000000000001
1381,99.65400000000002
1384,115.12700000000002
1387,100.77
1388,115.2035
1392,78.164
1394,108.625
1395,92.617
1396,115.10999999999999
1398,102.44800000000001
1399,115.10999999999999
1400,95.05199999999999
1401,97.944
1403,99.35150000000002
1404,109.681
1406,115.10999999999999
1407,96.9165
1408,111.9625
1410,78.5395
1412,111.5
1413,85.98
1415,91.54299999999999
1420,111.9625
1422,108.25
1423,104.34399999999998
1424,111.9625
1425,97.40600000000002
1426,78.5395
1427,100.53975
1429,91.272
1430,110.648
1431,91.925
1432,102.52400000000003
1434,115.845
1437,92.89
1438,109.755
1440,115.71950000000001
1441,112.325
1442,88.661
1444,109.06899999999999
1445,99.80700000000002
1446,99.51
1448,95.296
1453,90.93100000000001
1454,111.5
1455,106.64500000000001
1456,112.549
1458,111.5
1459,90.29299999999999
1461,94.65899999999999
1465,100.77
1466,112.14599999999999
1469,96.313
1472,90.93100000000001
1474,94.341
1477,110.226
1479,112.997
1482,91.73100000000001
1483,75.619
1487,88.23500000000001
1488,114.2665
1490,112.88700000000001
1492,112.703
1494,117.22800000000002
1496,99.266
1497,92.66349999999998
1499,100.52833333333334
1502,92.50750000000001
1507,111.056
1508,91.87400000000001
1509,112.662
1511,88.82900000000001
1512,107.8785
1513,113.873
1514,102.726
1518,113.147
1519,89.972
1522,112.15599999999999
1524,77.73799999999999
1527,88.661
1529,91.15299999999999
1532,114.23799999999999
1536,115.19300000000001
1537,118.37325000000001
1539,109.77633333333333
1542,126.49399999999999
1543,94.41649999999998
1544,106.03
1545,76.808
1550,93.21866666666668
1551,115.027
1554,113.88200000000002
1556,111.83666666666667
1559,95.33133333333333
1560,78.737
1562,97.31000000000002
1566,89.86399999999998
1567,114.614
1569,119.25000000000003
1570,109.33
1571,112.006
1574,91.87400000000001
1578,105.7105
1580,93.58899999999998
1583,118.85800000000002
1584,91.87400000000001
1585,110.80250000000001
1586,94.821
1587,109.53
1588,93.98150000000001
1590,114.13900000000001
1592,102.622
1596,108.19200000000001
1598,113.154
1599,97.377
1604,116.941
1606,99.012
1607,85.98
1608,101.38300000000001
1609,123.072
1611,91.31300000000002
1613,94.9885
1616,95.41849999999998
1619,110.04299999999998
1620,89.36100000000002
1621,113.52850000000001
1622,91.97
1625,107.35999999999999
1627,123.072
1629,109.851
1634,96.30599999999998
1636,91.543
1638,115.62300000000002
1639,94.333
1641,109.90974999999999
1643,97.28999999999999
1644,104.13400000000001
1645,116.05500000000002
1646,92.186
1647,113.88200000000002
1648,92.267
1652,93.58899999999998
1653,112.26700000000001
1656,159.86999999999998
1658,97.377
1659,110.684
1661,95.57000000000001
1663,85.98
1664,108.46799999999999
1665,94.85000000000001
1666,111.83666666666667
1667,101.155
1668,76.987
1669,102.44850000000001
1670,91.89500000000001
1672,113.26799999999999
1674,110.21533333333332
1677,114.2665
1678,92.65
1679,110.86600000000001
1680,94.83999999999999
1683,120.29400000000003
1686,104.446
1687,110.2965
1689,110.97549999999998
1690,90.73400000000001
1691,117.326
1692,111.71
1693,91.87400000000001
1695,100.9025
1696,90.93100000000001
1697,112.133
1700,111.83666666666667
1701,88.983
1702,107.24299999999998
1703,90.10499999999999
1704,111.699
1706,94.391
1707,125.69199999999998
1708,99.8425
1710,96.547
1711,98.93000000000002
1713,109.68800000000002
1717,101.494
1719,105.7105
1720,91.63649999999998
1722,93.3655
1725,103.40299999999999
1726,101.49
1727,102.90299999999999
1729,113.00999999999999
1730,92.301
1731,115.78
1733,111.83666666666667
1734,92.0675
1735,108.25
1738,94.9885
1742,93.053
1745,110.21533333333332
1747,89.96799999999999
1749,98.18499999999999
1751,97.118
1752,83.41999999999999
1753,120.90799999999997
1754,104.99699999999999
1755,94.154
1756,103.83000000000001
1758,113.22
1759,93.7965
1760,101.22000000000001
1761,109.34700000000001
1762,93.906
1763,106.71333333333334
1764,92.949
1766,91.983
1768,92.622
1769,83.631
1771,108.80400000000002
1772,95.178
1773,106.696
1774,93.991
1775,116.06999999999998
1777,115.458
1779,93.7965
1780,115.72
1787,90.66300000000001
1788,90.006
1790,102.39
1796,110.297
1801,94.25399999999999
1803,96.80600000000001
1807,110.098
1809,114.511
1812,90.452
1813,109.24699999999999
1814,94.582
1815,116.266
1816,97.59
1818,91.66300000000001
1820,91.4223
1821,108.56999999999996
1822,95.91799999999999
1825,90.024
1826,100.622
1828,91.73400000000001
1831,100.45899999999999
1836,112.37
1837,90.43199999999999
1841,93.346
1844,99.39699999999998
1848,90.51
1851,99.58000000000001
1852,90.0195
1853,88.71000000000001
1854,111.16300000000001
1856,98.105
1859,115.21849999999999
1860,91.89200000000001
1861,81.773
1863,101.957
1865,95.057
1866,101.167
1867,94.104
1868,89.77800000000002
1872,99.811
1879,96.408
1880,107.31500000000001
1882,93.929
1885,99.417
1887,107.58099999999999
1888,98.43199999999999
1890,117.42999999999999
1894,93.91666666666666
1895,104.60700000000001
1896,100.62
1897,113.78399999999999
1900,124.83922222222222
1901,92.588
1902,110.46599999999998
1905,94.65799999999999
1906,108.66600000000001
1912,99.24200000000002
1915,95.76500000000001
1916,99.837
1917,93.321
1918,102.31500000000001
1920,84.26999999999998
1923,91.941
1924,100.644
1925,97.831
1930,117.89000000000001
1932,131.17000000000004
1933,90.51500000000001
1934,117.17300000000003
1935,92.1566
1940,83.631
1941,92.22999999999999
1942,110.76700000000001
1943,93.0378
1944,91.895
1945,113.213
1948,115.13000000000002
1949,101.249
1952,97.61449999999999
1954,91.06999999999998
1955,131.17000000000004
1958,92.7381
1959,82.28400000000002
1960,106.71333333333334
1963,91.28200000000001
1965,92.126
1968,100.464
1969,90.37549999999999
1971,91.49
1972,123.91900000000001
1973,91.07300000000001
1975,92.12899999999999
1977,92.888
1978,94.60999999999999
1979,111.21700000000001
1981,93.035
1982,113.81300000000002
1987,115.94700000000003
1988,89.713
1993,96.33399999999999
1997,92.868
1999,92.03550000000001
2001,92.55500000000002
2002,110.67
2003,88.52499999999999
2004,82.835
2006,109.67699999999998
2007,95.461
2009,98.96700000000001
2010,92.95000000000002
2013,93.12583333333335
2018,77.078
2022,100.49699999999999
2024,108.76033333333335
2025,96.56500000000001
2026,104.026
2030,100.48600000000002
2031,93.03200000000001
2032,99.24200000000002
2033,100.49100000000001
2035,89.997
2036,116.30600000000001
2037,90.29800000000002
2040,97.25083333333335
2043,121.74300000000002
2044,107.374
2046,103.64500000000001
2054,110.24699999999999
2055,98.571
2056,115.72
2059,92.376
2060,92.588
2062,99.565
2063,110.37
2066,93.91666666666666
2067,128.78
2072,151.71499999999997
2073,111.521
2074,91.82149999999999
2075,118.994
2076,90.435
2080,94.18999999999998
2082,92.588
2085,118.79899999999998
2087,110.025
2091,114.53500000000001
2092,91.8785
2093,115.72
2098,96.694
2101,106.71333333333334
2102,93.462
2103,83.631
2105,101.86
2106,93.1065
2107,131.97200000000004
2110,92.746
2114,93.886
2115,110.867
2117,78.792
2118,94.45
2119,101.261
2120,92.63
2122,93.82199999999999
2123,110.36799999999998
2126,95.774
2127,104.451
2128,87.21000000000001
2129,126.68999999999998
2132,93.89033333333334
2135,103.46700000000001
2138,93.04399999999998
2139,117.89000000000001
2141,116.48999999999998
2142,91.946
2146,91.291
2151,107.58599999999998
2157,101.798
2159,111.93699999999998
2162,89.584
2164,118.0645
2167,93.156
2168,111.529
2171,93.49300000000001
2173,91.035
2174,102.151
2175,94.113
2178,90.713
2180,92.625
2185,113.29400000000001
2189,91.6255
2190,113.88000000000002
2192,102.0735
2194,112.186
2200,114.17999999999999
2201,90.612
2203,109.65
2204,87.89200000000001
2205,105.97
2209,110.40800000000002
2213,101.877
2214,95.22000000000001
2215,110.694
2216,90.548
2218,90.455
2219,100.32899999999998
2220,91.84900000000002
2222,92.438
2223,112.47200000000001
2225,108.91199999999999
2226,93.09899999999999
2230,92.607
2233,112.81299999999999
2234,109.429
2235,87.89200000000001
2236,77.852
2237,88.6
2240,118.31299999999999
2241,94.59700000000001
2248,99.01200000000001
2249,96.27399999999999
2250,110.84400000000001
2252,111.947
2253,93.602
2254,112.002
2256,74.98700000000002
2258,90.868
2259,116.81233333333334
2262,101.89
2265,88.79999999999998
2266,110.78399999999999
2269,97.6395
2271,93.468
2273,92.33000000000001
2274,108.56300000000002
2275,90.745
2277,100.221
2279,87.89200000000001
2280,77.82450000000001
2282,92.625
2283,100.72266666666668
2288,93.59
2289,110.954
2291,95.78099999999999
2292,118.77799999999998
2297,94.97650000000002
2298,116.4
2299,89.016
2300,115.03100000000002
2301,91.36200000000001
2304,91.68799999999999
2305,100.973
2306,101.89
2308,93.398
2309,115.143
2311,109.04900000000002
2312,103.77899999999997
2316,103.136
2321,100.99000000000001
2322,110.864
2325,99.717
2326,95.37300000000002
2329,118.77799999999998
2330,95.49400000000001
2331,100.309
2332,112.93299999999999
2333,101.89
2334,99.023
2335,106.09
2337,110.474
2338,93.494
2340,112.93299999999999
2342,109.742
2345,92.66
2349,93.6996
2351,80.85900000000001
2352,93.037
2354,109.13300000000001
2355,111.239
2357,108.91199999999999
2358,92.46100000000001
2360,92.88899999999998
2361,109.13300000000001
2364,99.98
2366,102.92800000000003
2369,101.83599999999998
2370,100.89999999999999
2371,112.81299999999999
2373,116.668
2374,92.55999999999997
2376,107.6895
2378,112.11200000000001
2382,91.25849999999998
2383,90.614
2386,103.32000000000001
2387,93.488
2389,134.371
2390,114.01299999999999
2392,92.968
2398,112.93299999999999
2399,95.48400000000001
2400,95.648
2401,110.00433333333334
2402,95.05700000000002
2404,97.24600000000001
2407,111.88
2408,110.39833333333334
2409,118.24983333333333
2412,80.547
2413,96.775
2415,91.91900000000001
2420,108.58599999999998
2422,94.13199999999999
2423,101.44699999999999
2426,90.87899999999999
2432,95.153
2434,90.861
2435,134.885
2436,109.32000000000001
2438,112.64099999999999
2440,109.29900000000002
2443,91.693
2444,89.36699999999999
2447,99.01200000000001
2450,99.43900000000001
2454,94.12899999999999
2455,111.196
2459,101.89
2460,109.50333333333333
2463,90.13900000000001
2465,98.351
2468,74.53999999999999
2469,87.37
2474,90.578
2478,92.98400000000001
2480,90.24300000000001
2481,118.31299999999999
2489,92.625
2490,100.48600000000002
2492,89.93699999999998
2496,101.89
2497,111.779
2500,91.89899999999999
2505,112.97
2507,91.03200000000001
2508,105.97
2509,93.307
2510,81.6
2513,89.825
2515,92.625
2518,90.614
2519,119.098
2520,90.614
2521,110.415
2523,113.27799999999999
2525,92.024
2529,108.03
2530,88.334
2533,109.98700000000001
2535,93.973
2538,115.069
2544,112.55799999999999
2553,111.00699999999999
2556,97.082
2558,92.279
2559,115.83699999999999
2560,89.14399999999999
2561,111.73499999999999
2562,91.34
2563,111.749
2564,91.8075
2565,114.89000000000001
2567,103.74899999999998
2572,96.85000000000001
2575,97.27099999999999
2576,116.38
2577,94.62100000000001
2578,93.92800000000001
2579,121.24600000000001
2580,88.848
2582,118.13499999999999
2583,92.27
2587,89.05299999999998
2589,118.44000000000001
2590,93.79299999999998
2591,108.03
2594,92.702
2597,91.133
2598,98.44000000000001
2599,93.33500000000001
2600,99.08899999999998
2602,116.37099999999998
2603,96.85000000000001
2604,99.15900000000002
2606,111.16199999999999
2607,75.78999999999999
2608,108.002
2613,112.47999999999999
2614,93.834
2615,110.452
2617,111.46799999999999
2620,100.87
2623,108.95700000000002
2624,93.18999999999998
2627,112.47999999999999
2629,75.78999999999999
2630,105.89699999999998
2632,90.783
2636,95.33000000000001
2639,91.097
2640,102.917
2642,108.03
2644,110.22999999999999
2646,110.76100000000001
2647,94.51700000000001
2649,98.058
2650,106.21400000000001
2652,102.75433333333334
2653,102.091
2655,111.42999999999999
2657,111.47
2659,109.30499999999999
2662,92.382
2663,118.524
2664,90.266
2665,101.851
2670,101.544
2671,103.128
2672,94.88
2675,102.75433333333334
2677,111.274
2679,109.441
2683,114.14199999999998
2684,95.374
2685,92.99799999999998
2688,105.506
2689,96.42500000000001
2690,103.91299999999998
2693,108.824
2694,111.35900000000001
2697,88.63
2699,90.925
2703,89.05700000000002
2705,101.657
2709,74.81199999999998
2710,95.41199999999998
2711,110.23700000000001
2712,90.01199999999999
2713,97.04499999999999
2714,110.15650000000001
2715,93.006
2717,95.256
2718,113.66900000000001
2720,115.49000000000004
2721,102.934
2726,91.201
2728,90.83500000000001
2731,100.41999999999999
2732,105.88
2734,93.01200000000001
2736,98.31999999999998
2737,92.55199999999999
2738,107.08599999999998
2739,120.68800000000002
2746,91.7095
2749,104.81500000000001
2751,115.679
2752,108.64799999999998
2753,91.40199999999999
2757,99.74900000000001
2758,91.60499999999999
2759,111.547
2760,93.27199999999999
2762,109.107
2764,95.00899999999999
2765,112.40400000000002
2769,113.63900000000001
2771,110.28299999999999
2774,92.56699999999998
2776,90.1785
2777,113.821
2778,102.05999999999999
2779,116.21399999999998
2782,88.929
2784,101.504
2787,90.409
2789,91.04299999999999
2792,92.184
2798,101.799
2799,109.11500000000001
2800,99.85700000000001
2801,75.901
2802,91.95649999999999
2804,94.93599999999999
2807,100.12000000000003
2808,96.095
2809,115.19399999999999
2811,118.947
2812,92.845
2814,91.12099999999998
2816,98.771
2817,114.94500000000001
2818,109.71099999999998
2820,110.04
2821,76.678
2822,91.18599999999999
2823,105.25
2824,98.50000000000001
2826,91.7345
2829,96.37099999999998
2834,90.354
2835,78.02900000000001
2838,96.141
2839,109.582
2840,104.888
2841,108.88799999999999
2842,96.76
2846,118.931
2848,92.45599999999999
2849,91.94999999999999
2850,110.15650000000001
2851,93.8345
2853,90.66499999999999
2854,108.03
2858,116.963
2861,95.35600000000001
2864,98.707
2865,118.524
2866,109.994
2867,89.09299999999999
2868,113.28100000000002
2870,109.43700000000001
2877,95.46399999999998
2878,112.47999999999999
2880,109.53099999999999
2882,76.89200000000001
2883,97.27700000000002
2884,98.776
2885,99.59700000000001
2887,97.00333333333333
2888,112.101
2889,100.56600000000002
2890,97.27
2891,109.04900000000002
2892,115.293
2893,95.90299999999999
2898,109.76799999999999
2899,90.63499999999999
2900,117.12299999999998
2901,100.67599999999999
2909,114.588
2910,112.88400000000001
2911,111.38900000000001
2913,110.675
2914,96.43299999999999
2918,88.25699999999999
2919,112.44000000000001
2920,102.229
2921,112.47999999999999
2922,97.312
2923,110.32300000000001
2925,110.59099999999998
2926,88.848
2927,111.67349999999999
2929,113.30199999999999
2933,98.971
2934,112.981
2936,113.473
2941,101.62100000000001
2942,92.74400000000001
2943,110.46083333333335
2945,103.84100000000001
2950,100.08500000000001
2951,108.626
2953,113.8285
2954,96.90700000000001
2955,104.299
2956,93.189
2960,94.92150000000001
2962,91.23700000000001
2963,105.578
2964,102.28966666666666
2966,82.14
2967,92.3
2968,109.79799999999997
2969,94.573
2971,95.32000000000001
2972,94.97650000000002
2974,98.75499999999998
2975,110.75700000000002
2977,118.88300000000001
2980,114.05800000000002
2981,92.094
2983,90.218
2984,100.987
2985,109.73999999999998
2986,104.41299999999998
2987,94.97650000000002
2989,93.4235
2990,113.021
2991,92.36300000000001
2992,78.07600000000001
2995,104.23499999999999
2996,99.71300000000001
3002,116.24799999999998
3004,112.386
3005,114.15900000000002
3006,103.30400000000002
3010,103.352
3011,102.45700000000002
3014,90.38399999999999
3015,91.33399999999999
3016,92.00099999999999
3017,115.13600000000001
3018,89.888
3021,100.64399999999999
3024,111.15
3028,92.027
3030,91.48833333333333
3032,91.72099999999999
3039,97.232
3040,111.25899999999999
3041,100.974
3043,99.145
3044,117.40800000000002
3046,109.316
3055,96.267
3056,114.572
3058,92.54
3059,108.88
3061,125.51000000000002
3063,112.60999999999999
3066,93.427
3067,111.15
3068,79.813
3069,91.469
3072,114.31800000000001
3073,113.9875
3074,90.654
3077,91.521
3082,91.891
3084,104.23499999999999
3085,117.88499999999999
3088,109.37
3091,93.639
3092,108.495
3093,90.20199999999998
3094,100.70299999999999
3096,114.194
3097,88.607
3098,78.437
3102,115.22900000000001
3106,92.93100000000001
3109,95.38199999999998
3111,90.654
3112,114.15900000000002
3113,93.248
3115,108.78999999999999
3116,112.599
3117,92.95599999999999
3121,110.6445
3122,96.056
3123,96.232
3124,101.13
3125,92.00099999999999
3126,99.70366666666666
3127,113.42999999999998
3129,90.493
3130,114.72200000000001
3132,108.168
3134,99.775
3135,99.93
3137,77.607
3138,108.63600000000001
3140,91.611
3144,111.872
3145,93.176
3146,109.199
3147,91.14099999999999
3148,103.434
3149,99.80300000000001
3150,111.123
3151,96.465
3152,93.301
3155,112.54099999999998
3156,109.44499999999996
3159,91.75199999999998
3161,93.03599999999999
3162,101.61900000000001
3163,93.473
3165,97.13899999999998
3172,98.61699999999999
3173,111.824
3176,97.612
3177,105.824
3179,110.75700000000002
3183,92.69
3186,96.571
3187,101.47266666666668
3189,108.718
3190,100.031
3192,113.42999999999998
3193,98.61699999999999
3194,120.31700000000001
3197,93.361
3198,89.97000000000001
3200,92.13199999999999
3201,111.69300000000001
3202,89.97000000000001
3204,98.21900000000001
3205,90.59599999999998
3206,109.97999999999999
3208,101.12899999999999
3210,102.953
3211,96.877
3212,125.51000000000002
3213,101.536
3214,109.769
3216,107.03099999999999
3219,108.779
3220,109.703
3221,93.248
3226,113.12400000000002
3227,99.49600000000001
3228,108.39000000000001
3229,97.99699999999999
3232,79.759
3233,101.852
3234,105.17199999999998
3236,93.98899999999998
3238,108.83200000000002
3239,109.667
3240,95.088
3247,111.93199999999999
3249,100.51300000000003
3252,124.73599999999999
3253,91.532
3254,100.737
3255,90.40700000000001
3256,117.71199999999999
3257,89.767
3262,105.329
3263,104.16433333333335
3264,93.189
3266,110.84700000000001
3267,90.19799999999998
3269,92.22
3272,109.73999999999998
3274,93.361
3275,101.993
3277,95.58199999999998
3279,93.97299999999998
3280,100.79
3283,89.098
3285,96.45000000000002
3287,88.0305
3288,111.15
3290,99.518
3291,94.68700000000001
3298,111.38700000000001
3299,91.5355
3302,114.03300000000002
3303,86.72000000000001
3304,102.67800000000003
3307,92.93000000000002
3309,92.42499999999998
3314,79.542
3316,115.46999999999998
3317,102.49249999999999
3319,91.615
3320,112.5145
3321,93.242
3322,102.387
3324,91.85499999999999
3326,90.364
3329,110.81700000000001
3330,91.94050000000001
3331,112.65799999999999
3335,127.05999999999997
3337,90.83099999999999
3338,104.51500000000001
3339,92.55199999999999
3340,112.049
3341,92.444
3343,92.61399999999999
3346,92.128
3348,90.955
3351,98.80999999999999
3352,118.00199999999998
3355,90.088
3356,112.10900000000001
3358,103.45900000000002
3359,91.22899999999998
3360,111.06800000000001
3371,121.63999999999999
3372,93.61800000000001
3374,94.961
3377,114.25699999999999
3378,88.723
3380,102.042
3382,92.40099999999998
3386,92.393
3389,111.199
3391,109.095
3393,91.48299999999999
3394,104.00699999999999
3395,89.869
3397,108.03
3398,96.525
3399,77.45000000000002
3400,88.72800000000001
3404,102.75900000000001
3407,112.602
3409,102.689
3419,98.592
3421,93.46000000000001
3425,92.5785
3427,75.965
3428,114.57000000000001
3429,110.98799999999999
3431,90.15899999999999
3435,93.116
3436,107.71000000000001
3439,94.306
3441,95.06999999999998
3442,114.57000000000001
3443,105.941
3444,101.02
3445,90.68000000000002
3446,113.90799999999999
3449,90.88333333333333
3453,92.701
3457,92.702
3460,104.77000000000001
3461,93.60499999999999
3462,91.15700000000001
3464,117.28999999999999
3465,81.96000000000001
3466,98.776
3467,99.744
3468,92.52200000000002
3469,101.844
3470,99.94766666666666
3472,109.23999999999998
3473,96.27100000000003
3475,93.271
3476,111.773
3478,102.113
3479,94.212
3483,91.89599999999999
3484,100.66799999999998
3485,95.58000000000001
3487,91.227
3488,110.93900000000001
3496,113.89899999999997
3497,96.44800000000001
3499,91.868
3500,78.769
3501,97.049
3504,92.578
3508,106.33800000000001
3511,92.76400000000002
3512,111.668
3515,96.21600000000001
3517,96.80999999999999
3518,104.561
3526,115.59599999999998
3528,123.41099999999999
3529,95.88399999999999
3530,114.13199999999999
3531,91.62299999999998
3532,115.405
3533,103.50699999999999
3534,91.67000000000002
3535,76.58699999999999
3536,89.81599999999999
3537,115.21650000000002
3538,91.64699999999999
3539,111.377
3540,105.05699999999999
3545,117.93199999999999
3546,89.25899999999999
3550,105.944
3551,94.21000000000001
3553,91.086
3554,104.77000000000001
3557,88.473
3558,113.766
3559,90.88333333333333
3561,90.775
3562,108.03
3563,90.144
3564,98.80999999999999
3565,90.68000000000002
3567,93.165
3571,98.80999999999999
3572,91.42599999999999
3574,92.66300000000001
3576,97.094
3577,116.79999999999998
3578,99.12300000000002
3579,91.67799999999998
3583,91.67299999999999
3585,89.869
3586,102.59100000000001
3587,110.8355
3593,96.684
3594,112.303
3595,98.11600000000001
3599,94.738
3600,107.09999999999998
3601,109.23999999999998
3602,90.88333333333333
3604,97.083
3609,112.833
3610,115.00800000000001
3612,110.048
3614,116.98200000000001
3615,95.949
3617,113.21899999999998
3618,109.06699999999998
3619,114.561
3620,109.39499999999998
3621,90.983
3625,92.316
3626,105.34700000000001
3630,101.858
3631,90.804
3632,102.06900000000002
3633,93.077
3634,112.70049999999999
3637,91.199
3639,93.672
3640,114.89700000000002
3641,95.289
3644,112.15799999999999
3645,94.239
3646,91.713
3647,89.877
3648,107.76866666666668
3653,111.13600000000001
3654,101.1
3655,110.521
3659,99.10000000000001
3660,94.57899999999998
3662,112.638
3666,91.19200000000001
3668,93.001
3671,103.09
3673,94.121
3674,120.61500000000001
3675,92.41300000000001
3681,92.95699999999998
3682,112.78999999999999
3686,109.09400000000001
3687,91.179
3692,76.87100000000001
3695,109.88699999999999
3696,95.696
3699,112.08899999999998
3705,112.34099999999998
3707,80.34000000000002
3708,93.823
3709,113.102
3710,94.785
3712,90.141
3715,115.607
3716,92.991
3720,110.47099999999998
3722,80.34000000000002
3726,89.841
3728,92.574
3729,120.4425
3731,101.46899999999998
3735,110.702
3736,93.0115
3739,100.30999999999999
3741,111.018
3743,100.17699999999999
3744,95.107
3745,113.601
3746,93.902
3751,98.86600000000001
3753,91.07399999999998
3760,111.835
3761,94.089
3762,109.071
3763,94.07400000000001
3765,93.37100000000001
3768,112.16400000000002
3769,92.131
3770,102.67500000000003
3773,111.14099999999999
3774,92.353
3776,89.768
3778,91.255
3779,111.80700000000002
3780,116.18000000000004
3781,123.02000000000001
3782,99.469
3783,111.64349999999999
3784,98.66600000000001
3786,90.209
3789,104.582
3790,92.1775
3793,116.699
3795,106.796
3797,92.09899999999999
3798,114.78099999999999
3800,110.21100000000001
3804,103.02950000000001
3810,95.99399999999999
3815,111.34
3816,103.02950000000001
3818,99.292
3824,109.4935
3828,103.497
3830,110.473
3831,92.728
3832,73.19499999999998
3834,109.421
3835,93.49999999999999
3836,108.15
3838,92.13
3839,119.78
3840,112.761
3845,90.33099999999999
3846,111.833
3847,96.1865
3849,75.5365
3853,112.024
3855,106.33800000000001
3856,89.33699999999999
3864,79.575
3865,94.292
3866,112.796
3867,88.21100000000003
3868,110.21100000000001
3869,97.297
3871,98.81700000000001
3875,100.3955
3876,96.15799999999999
3878,95.39199999999998
3879,105.14000000000001
3881,110.21100000000001
3883,110.63999999999999
3884,87.853
3886,107.74600000000001
3890,90.87166666666667
3893,112.04999999999998
3897,102.25800000000001
3901,91.17200000000001
3902,108.29866666666666
3913,111.18699999999998
3914,90.35600000000001
3916,90.96900000000001
3917,112.21199999999999
3924,106.13
3925,92.27900000000001
3928,92.113
3929,110.04400000000001
3932,93.13399999999999
3933,110.595
3934,75.048
3935,90.74166666666666
3936,92.47349999999999
3937,112.978
3938,90.28549999999998
3939,108.15
3943,91.04100000000001
3944,109.5
3945,109.33599999999998
3946,91.79600000000002
3947,107.69799999999998
3948,91.24
3949,109.28999999999999
3950,94.02900000000001
3951,110.34200000000001
3952,90.214
3953,109.11799999999998
3961,116.31700000000001
3962,94.28099999999999
3966,92.31500000000001
3967,102.907
3968,91.3225
3969,111.296
3970,88.86
3971,101.552
3973,88.684
3974,113.744
3975,115.4
3977,178.62399999999997
3979,110.98600000000002
3985,91.329
3986,106.982
3988,108.50500000000002
3991,92.68299999999999
3992,102.74600000000001
3993,91.0335
3994,113.48599999999999
3995,114.268
4005,112.07300000000001
4007,93.24399999999997
4008,100.901
4009,89.92099999999999
4010,117.60499999999999
4011,75.75999999999999
4012,91.88699999999999
4013,105.899
4015,112.82200000000003
4016,108.73999999999998
4018,110.83000000000001
4025,90.32500000000002
4026,109.667
4028,113.88999999999999
4029,88.44000000000001
4031,95.174
4032,108.84900000000002
4033,90.78399999999999
4034,116.80699999999999
4037,92.388
4038,104.94199999999998
4039,94.86550000000001
4041,91.05600000000001
4042,113.58100000000002
4043,91.554
4044,110.595
4045,89.451
4046,116.37100000000002
4047,97.64699999999999
4048,103.08800000000001
4049,115.199
4051,93.18300000000002
4052,115.63833333333332
4058,101.89
4062,110.79299999999998
4064,110.45500000000001
4067,90.51299999999999
4068,76.32000000000001
4070,97.1835
4072,111.322
4074,117.775
4075,91.015
4076,115.33599999999998
4077,91.352
4078,113.79666666666667
4080,110.595
4082,112.57249999999999
4085,91.81649999999999
4086,111.87099999999998
4088,109.667
4089,96.94133333333333
4092,78.57800000000002
4094,87.59300000000003
4095,110.98800000000001
4096,96.26700000000001
4097,101.79899999999999
4102,99.71099999999998
4105,115.549
4107,111.441
4111,92.3275
4112,105.21600000000001
4113,89.416
4114,117.234
4115,89.83000000000001
4116,119.056
4117,96.335
4118,98.055
4119,116.24800000000002
4120,101.28
4122,81.04550000000002
4125,92.27
4126,110.91
4129,108.25399999999999
4134,125.498
4137,93.26
4141,103.766
4142,93.40866666666666
4144,94.403
4145,106.13
4146,100.72
4150,91.52099999999999
4151,76.214
4154,90.51299999999999
4156,93.715
4157,117.41300000000001
4159,108.73999999999998
4160,102.188
4161,111.44000000000001
4168,98.857
4171,100.096
4172,105.31800000000001
4173,93.35799999999999
4175,98.66400000000002
4176,110.595
4177,94.403
4178,100.324
4179,91.518
4181,112.24399999999999
4183,88.44000000000001
4184,111.404
4185,92.44
4186,110.44199999999998
4188,119.14000000000001
4190,112.349
4192,90.019
4193,113.484
4194,119.88000000000002
4195,92.883
4196,78.462
4202,89.40000000000002
4203,107.16
4208,90.247
4209,128.542
4210,90.62899999999999
4211,113.05699999999999
4212,114.63000000000002
4214,101.48100000000001
4215,87.817
4216,111.48599999999999
4217,90.47999999999999
4219,105.40300000000002
4222,112.978
4224,77.75300000000001
4231,102.24000000000001
4232,88.44000000000001
4234,91.97700000000002
4236,94.403
4237,98.32333333333335
4240,91.80399999999999
4242,113.09900000000002
4243,103.08099999999999
4247,91.92
4248,110.82300000000001
4249,93.33000000000001
4254,103.487
4263,91.59
4265,108.202
4267,113.89899999999997
4268,109.003
4271,110.11099999999999
4272,98.39600000000002
4273,109.376
4274,93.562
4276,92.61999999999999
4278,91.83899999999998
4280,97.998
4281,108.218
4283,94.3
4284,109.75399999999999
4285,95.79299999999999
4286,110.11399999999999
4287,96.205
4288,124.282
4289,91.5085
4290,78.79350000000001
4293,96.06600000000002
4296,109.42
4297,99.051
4299,92.8895
4303,112.272
4310,100.68000000000002
4312,106.40900000000002
4318,106.21000000000001
4320,118.114
4322,89.04499999999999
4323,113.479
4325,101.67300000000002
4326,115.26700000000001
4328,102.758
4330,109.799
4332,114.09399999999998
4333,94.157
4335,90.59274999999998
4336,112.82199999999997
4338,102.202
4341,91.72599999999998
4342,100.20899999999999
4344,103.82800000000002
4347,92.07900000000001
4348,101.85249999999999
4351,110.59700000000001
4352,91.059
4353,114.18300000000002
4355,103.69699999999997
4356,98.125
4359,106.978
4360,89.94800000000002
4361,89.22399999999999
4364,105.97200000000001
4365,105.471
4368,93.762
4372,93.294
4374,92.53999999999999
4376,93.65899999999998
4377,104.66600000000001
4380,92.708
4383,101.303
4384,92.207
4385,103.29099999999998
4389,91.41
4391,93.954
4392,108.37100000000001
4393,90.473
4395,95.60100000000001
4396,117.67
4398,122.81099999999999
4399,103.99099999999999
4401,94.44300000000001
4406,91.386
4408,101.797
4412,101.85249999999999
4415,95.628
4418,109.992
4419,92.53999999999999
4420,77.7565
4422,108.505
4423,92.53999999999999
4425,92.13399999999999
4428,109.28399999999999
4431,109.21700000000001
4434,95.00999999999999
4436,89.757
4437,115.636
4439,118.03024999999998
4440,95.136
4441,114.234
4444,91.85000000000001
4445,102.193
4446,90.83800000000001
4447,112.98400000000001
4452,104.28699999999999
4456,113.16100000000002
4457,94.05249999999998
4458,117.07000000000001
4460,98.125
4461,119.91400000000002
4462,104.258
4465,103.848
4466,104.18400000000001
4468,93.62499999999999
4469,104.667
4472,117.00594444444445
4475,88.12
4478,94.11300000000001
4479,111.56099999999999
4480,95.25399999999999
4483,83.874
4484,94.09849999999999
4485,104.821
4486,91.41599999999998
4488,94.267
4489,99.926
4490,98.422
4491,109.6045
4492,92.50699999999999
4493,107.532
4494,91.294
4495,100.695
4498,88.679
4499,98.806
4500,99.38699999999999
4503,116.008
4505,101.83000000000001
4506,95.18049999999998
4507,93.821
4508,106.21000000000001
4510,111.24599999999998
4511,93.292
4513,94.898
4516,84.53399999999999
4519,99.47100000000002
4521,88.81450000000001
4531,90.34200000000001
4532,82.05
4533,100.917
4534,113.704
4536,106.21000000000001
4537,94.05249999999998
4539,92.214
4542,100.713
4545,90.05499999999998
4549,90.47000000000001
4551,91.33649999999999
4554,106.085
4556,110.16699999999999
4559,114.75999999999999
4561,111.101
4562,109.133
4566,110.16
4569,94.381
4570,117.67
4573,90.851
4574,100.84200000000001
4575,90.84799999999998
4577,97.93
4578,121.1
4580,109.36100000000002
4582,90.88999999999999
4583,108.505
4585,101.148
4587,106.21000000000001
4595,88.00300000000001
4596,108.69749999999999
4601,93.479
4602,116.83400000000002
4603,94.14000000000001
4605,123.319
4606,96.73599999999999
4607,119.78800000000001
4608,102.465
4610,92.90299999999998
4613,104.675
4617,93.26599999999999
4618,116.12749999999998
4619,90.2295
4620,95.631
4622,104.71199999999999
4625,98.125
4626,106.21000000000001
4627,94.42150000000001
4629,90.12599999999999
4631,95.262
4633,106.21000000000001
4634,116.81800000000001
4635,92.66900000000001
4639,93.363
4640,101.865
4642,100.267
4644,109.88700000000001
4646,106.21000000000001
4647,93.635
4648,81.92300000000002
4649,92.99300000000001
4650,107.68499999999999
4655,90.47000000000001
4660,90.634
4661,118.43299999999999
4662,89.83700000000002
4663,113.56400000000001
4665,92.399
4666,113.05
4667,116.90599999999999
4668,110.09100000000001
4670,94.9665
4671,110.553
4672,108.255
4673,101.78399999999999
4675,103.78600000000002
4676,101.1535
4677,117.595
4680,93.22649999999999
4682,94.982
4683,124.891
4685,101.85249999999999
4686,93.9
4688,107.03
4690,109.06400000000001
4692,112.292
4693,94.73400000000001
4697,94.60200000000002
4700,112.16300000000001
4702,109.66400000000002
4707,114.58
4708,87.79999999999998
4710,75.36299999999999
4716,101.681
4717,93.16400000000002
4718,98.84899999999999
4720,97.97850000000001
4721,78.16000000000001
4723,106.298
4726,108.369
4727,92.37500000000003
4729,92.18000000000002
4731,99.11774999999999
4732,111.34
4735,91.873
4736,108.40499999999997
4737,90.888
4738,112.326
4739,107.77433333333333
4744,98.77600000000001
4747,99.68799999999999
4749,110.11999999999998
4750,87.79999999999998
4752,109.4355
4755,99.27400000000002
4756,103.846
4757,108.41599999999998
4758,87.42900000000002
4759,99.917
4763,92.951
4764,100.799
4765,97.90400000000001
4766,89.811
4767,113.247
4769,112.32750000000001
4770,95.56
4771,76.72399999999999
4772,101.58666666666667
4774,112.28
4776,117.06700000000001
4777,109.73600000000002
4778,93.52400000000002
4780,96.18800000000002
4784,90.17299999999999
4786,105.16399999999999
4787,76.3315
4788,109.00699999999999
4789,109.4355
4791,106.36599999999999
4792,92.62699999999998
4795,107.28999999999999
4796,96.717
4803,90.87899999999999
4805,91.18500000000002
4807,91.59
4809,91.756
4816,107.48500000000001
4817,78.929
4818,88.5055
4820,100.79799999999999
4821,100.25399999999999
4823,110.43799999999999
4824,108.72999999999999
4825,115.275
4829,99.45700000000001
4830,97.83000000000001
4831,122.66700000000003
4833,99.49499999999999
4836,89.34000000000002
4837,107.03
4838,93.14500000000001
4840,99.90400000000001
4841,78.421
4842,88.46175
4843,119.864
4844,93.81
4849,111.447
4851,104.88900000000001
4852,89.24800000000002
4858,94.711
4860,97.83000000000001
4863,112.61499999999998
4864,99.62100000000001
4865,110.228
4867,113.48299999999999
4868,95.97900000000001
4869,112.43299999999999
4873,96.332
4875,102.33000000000001
4876,113.482
4877,93.58999999999999
4878,105.35
4880,76.38
4886,118.61599999999999
4888,101.168
4889,102.68350000000001
4890,115.08600000000001
4893,92.836
4895,94.04075
4896,100.16666666666666
4899,91.74499999999999
4901,91.86699999999999
4902,110.43199999999999
4903,100.50799999999998
4904,109.4355
4910,96.35499999999999
4912,91.23599999999999
4915,96.205
4916,104.31800000000001
4917,94.366
4920,101.58666666666667
4927,98.548
4928,90.731
4931,116.53099999999999
4934,90.67299999999999
4936,101.68300000000002
4939,113.227
4942,111.804
4943,114.63499999999999
4944,100.703
4945,94.10799999999999
4947,106.93299999999999
4948,96.369
4951,91.249
4952,109.4355
4953,90.49475
4956,100.50799999999998
4957,112.62949999999998
4958,89.56075000000001
4960,89.84100000000001
4968,97.12500000000001
4969,105.23700000000001
4971,103.723
4973,126.10999999999999
4975,111.55799999999999
4976,100.81700000000001
4978,94.0425
4979,114.45333333333335
4982,96.299
4983,111.271
4984,101.98
4985,116.86499999999998
4986,100.89200000000001
4987,136.934
4988,96.751
4994,90.485
4995,87.94000000000001
5002,76.36600000000001
5004,89.83000000000001
5005,99.477
5006,91.4965
5007,103.68700000000001
5009,110.521
5011,126.10999999999999
5014,92.32674999999999
5015,103.56400000000001
5018,99.412
5019,111.73500000000001
5020,92.63900000000001
5021,110.213
5022,93.72
5023,100.14700000000002
5025,105.89000000000001
5032,93.36699999999999
5034,100.84299999999999
5036,94.33000000000001
5038,94.139
5039,109.6
5046,97.02099999999999
5049,111.73500000000001
5051,89.888
5052,94.40899999999998
5053,112.28
5054,88.65999999999998
5055,92.50099999999999
5057,89.6
5059,93.095
5062,107.33399999999999
5063,110.43000000000002
5065,112.41300000000001
5069,91.02400000000002
5071,105.5
5074,114.44799999999998
5075,92.70399999999998
5076,116.454
5077,76.665
5079,105.06000000000002
5080,99.06450000000001
5081,107.378
5083,101.35499999999999
5088,102.828
5089,91.814
5093,108.253
5094,100.34
5095,104.527
5099,111.86500000000001
5101,111.921
5103,102.74499999999998
5104,92.377
5105,117.40100000000002
5107,95.562
5108,110.77799999999999
5109,90.36600000000001
5111,100.897
5112,111.155
5113,94.446
5114,113.782
5115,103.003
5118,94.66199999999999
5122,88.56999999999998
5123,80.01799999999999
5125,92.75600000000001
5127,104.33699999999999
5128,90.546
5129,111.10700000000001
5132,94.403
5134,113.81700000000001
5135,94.49799999999999
5137,111.90099999999998
5142,93.25250000000001
5143,105.005
5144,108.09
5148,97.58899999999998
5149,94.773
5150,105.42233333333334
5154,78.6695
5155,99.76299999999999
5159,93.638
5164,90.04
5165,138.35399999999998
5166,99.17800000000001
5167,114.4
5169,90.863
5171,94.763
5172,111.979
5176,92.327
5184,112.70599999999999
5185,97.393
5186,120.57755555555555
5188,99.70700000000001
5189,109.12
5190,104.213
5191,138.35399999999998
5193,112.42850000000001
5196,93.492
5199,75.69200000000001
5200,102.06099999999999
5203,92.94999999999999
5204,133.46
5205,95.38
5207,90.855
5208,109.18700000000001
5212,98.309
5214,92.19250000000001
5218,93.988
5220,95.60100000000001
5222,97.293
5224,97.249
5225,106.47
5227,112.17250000000001
5229,103.96000000000001
5232,90.87
5233,111.877
5234,108.251
5237,109.88900000000001
5239,113.43800000000002
5240,93.32433333333333
5241,121.84
5244,94.75399999999999
5248,116.42299999999997
5251,90.47275
5253,96.626
5255,96.47349999999999
5256,98.17500000000001
5257,93.388
5259,99.28200000000001
5260,111.974
5266,96.43199999999999
5268,106.001
5275,112.27000000000001
5276,112.901
5277,95.857
5279,91.949
5280,102.18000000000002
5281,93.53999999999999
5283,133.262
5284,77.87100000000001
5285,88.938
5286,104.84200000000001
5287,95.02250000000001
5289,92.25
5290,112.42850000000001
5292,107.49000000000001
5293,91.03349999999999
5294,99.93900000000001
5297,125.13000000000002
5299,102.981
5302,96.94
5305,77.37199999999999
5306,94.1945
5308,89.95299999999999
5309,98.414
5310,112.60600000000002
5312,113.19500000000001
5316,125.26499999999999
5317,98.03066666666666
5319,77.27600000000001
5320,98.138
5323,92.5675
5329,113.148
5331,109.285
5334,112.99700000000003
5336,112.69200000000001
5338,105.22299999999998
5341,88.878
5345,105.14500000000001
5348,102.178
5349,118.49399999999999
5355,108.35233333333333
5356,100.7365
5360,103.13900000000001
5362,115.57449999999999
5364,116.446
5366,103.878
5367,91.76700000000001
5368,91.039
5370,92.226
5371,75.49000000000001
5373,101.639
5375,109.88900000000001
5376,90.82199999999999
5378,115.401
5379,91.03499999999998
5383,93.81799999999998
5384,111.79400000000001
5389,112.141
5391,77.516
5393,109.747
5395,120.15
5397,112.41299999999998
5398,93.881
5399,116.40899999999999
5401,122.82399999999998
5402,96.338
5403,111.48899999999999
5404,89.48
5407,78.71000000000001
5408,92.352
5413,115.26500000000001
5414,90.27700000000002
5417,93.13100000000001
5418,107.49000000000001
5420,110.571
5421,91.133
5424,93.75199999999998
5425,133.46
5426,94.86499999999998
5429,113.343
5431,95.532
5437,97.499
5440,90.018
5444,105.76499999999999
5446,110.345
5447,91.809
5451,100.488
5452,110.04299999999998
5455,108.251
5456,100.648
5458,96.424
5459,113.39250000000001
5460,90.45000000000002
5462,93.52099999999999
5463,110.96549999999999
5464,102.306
5465,111.67699999999999
5466,102.88
5467,100.54400000000001
5468,95.11500000000001
5469,119.61600000000001
5472,96.046
5474,99.07300000000001
5475,110.325
5476,91.59800000000001
5479,105.97
5480,109.13400000000001
5482,113.13300000000001
5485,95.28999999999999
5486,119.03399999999999
5488,78.53300000000002
5495,103.96000000000001
5496,91.30199999999999
5497,111.498
5499,109.797
5503,98.91499999999999
5504,90.94399999999999
5507,98.93000000000002
5509,93.31599999999999
5511,93.14475
5512,111.24000000000001
5516,108.28500000000001
5517,99.14699999999998
5518,104.179
5521,95.071
5522,101.27450000000002
5527,93.414
5528,91.45900000000002
5529,109.14500000000001
5532,98.38680000000001
5533,111.28599999999999
5535,113.88200000000002
5536,104.774
5540,95.72
5547,95.771
5548,107.965
5550,76.09200000000001
5551,97.90999999999998
5554,111.42699999999999
5555,99.999
5559,110.471
5560,90.436
5561,111.588
5562,94.86499999999998
5563,113.899
5565,75.37249999999999
5566,92.74199999999999
5567,100.462
5568,99.056
5572,99.86099999999999
5574,97.92699999999999
5576,105.41999999999999
5579,108.141
5580,76.36699999999999
5581,93.78650000000002
5583,100.19199999999998
5584,108.896
5586,108.59049999999999
5587,92.736
5589,95.385
5591,102.737
5592,110.41199999999999
5593,111.9605
5594,87.8
5595,75.36399999999999
5596,111.51849999999999
5597,113.981
5598,115.11600000000001
5599,95.89099999999999
5602,115.064
5603,87.8
5605,100.3925
5607,87.77300000000002
5608,118.04400000000001
5609,94.143
5610,92.21000000000002
5612,88.52
5613,108.997
5614,102.36600000000001
5616,94.074
5621,106.006
5623,92.78200000000001
5628,110.22099999999996
5629,96.212
5631,91.489
5633,117.88200000000002
5638,104.15899999999999
5639,102.03200000000001
5640,101.02999999999999
5645,103.171
5646,75.98100000000001
5649,99.48499999999999
5653,119.41644444444444
5655,122.66
5656,103.001
5658,91.82300000000001
5662,118.43599999999999
5663,90.51366666666667
5667,95.329
5670,95.89099999999999
5671,95.625
5672,98.31500000000001
5673,101.054
5674,92.957
5675,99.657
5676,97.27
5679,108.13
5683,132.11933333333332
5687,87.86
5688,77.66799999999999
5690,93.955
5691,116.51199999999999
5692,90.892
5693,112.00500000000002
5694,101.39399999999999
5697,113.327
5698,95.71000000000001
5699,110.45899999999999
5704,95.121
5707,108.13
5709,102.48600000000002
5710,96.478
5714,95.78099999999999
5718,97.517
5721,92.18
5723,101.21799999999999
5724,109.76500000000001
5725,92.932
5726,109.149
5729,106.441
5730,104.179
5731,95.47000000000001
5733,75.76100000000001
5736,90.566
5741,100.641
5745,105.66999999999999
5747,95.59000000000002
5748,101.5415
5750,110.11800000000001
5751,92.45899999999999
5752,97.231
5754,102.826
5755,93.417
5757,98.89599999999999
5758,116.36799999999998
5760,101.154
5762,98.63699999999999
5766,116.704
5768,102.11749999999999
5769,114.99100000000001
5770,100.172
5771,109.41699999999999
5772,92.84900000000002
5773,115.929
5774,89.903
5776,94.8185
5777,110.45899999999999
5778,91.179
5780,109.51700000000001
5782,95.79499999999999
5783,76.078
5784,93.941
5786,92.80650000000001
5788,92.83599999999998
5789,121.85
5790,95.49699999999999
5791,101.1615
5793,100.04999999999998
5794,95.74
5796,123.09
5797,91.766
5801,93.485
5803,87.86
5804,119.734
5805,100.108
5806,76.321
5808,108.72
5813,93.36600000000001
5815,93.08099999999999
5816,105.647
5822,96.739
5823,109.019
5825,102.34599999999999
5827,111.011
5829,94.51
5830,95.41600000000001
5831,113.6
5832,100.11
5833,108.72
5837,110.80099999999997
5838,93.129
5839,98.278
5842,101.02999999999999
5844,109.232
5845,106.174
5846,108.599
5848,75.96600000000001
5850,113.349
5851,97.22200000000001
5853,102.11749999999999
5854,101.842
5858,101.02999999999999
5860,112.477
5864,100.307
5866,92.81016666666667
5867,108.13
5868,91.78599999999999
5869,115.11500000000001
5870,103.28200000000001
5871,116.33699999999999
5874,120.14033333333334
5876,110.90300000000002
5877,91.9145
5878,107.021
5879,109.835
5880,93.37799999999999
5884,109.952
5886,107.97716666666668
5890,108.65099999999998
5896,96.187
5897,100.011
5898,102.11749999999999
5901,103.45500000000001
5903,109.5395
5906,92.21000000000002
5908,109.41999999999999
5909,96.22
5910,108.997
5911,95.79100000000001
5912,109.38
5914,120.14033333333334
5919,107.97
5924,107.90599999999999
5926,92.215
5929,102.54749999999999
5930,97.631
5932,97.088
5933,128.794
5934,103.828
5935,111.248
5936,98.23800000000001
5937,111.01900000000003
5938,103.875
5939,109.71
5942,114.66699999999999
5943,95.36999999999999
5944,107.56199999999998
5946,108.28
5951,91.7875
5953,104.09699999999998
5954,93.06799999999998
5957,99.008
5961,97.527
5962,103.66133333333332
5964,75.8425
5965,92.242
5968,117.63500000000002
5969,93.96950000000001
5974,93.97000000000001
5975,113.303
5978,76.36000000000001
5981,98.31299999999999
5982,90.20349999999999
5983,122.953
5989,111.54999999999998
5991,95.59200000000001
5992,101.009
5995,91.05
5996,103.66300000000001
5997,113.272
5998,93.96900000000001
5999,75.661
6001,108.16399999999999
6002,101.19049999999999
6003,110.624
6004,93.06799999999998
6006,112.12900000000002
6007,96.87400000000001
6011,105.87100000000001
6012,105.24299999999998
6014,99.68000000000002
6015,99.61099999999999
6016,91.48100000000001
6017,109.34499999999998
6018,94.57500000000002
6024,91.38499999999999
6025,105.21899999999998
6026,113.426
6028,114.46900000000001
6029,81.5875
6030,97.429
6036,117.63500000000002
6040,94.739
6041,108.87700000000002
6042,94.244
6044,102.227
6045,105.30600000000001
6047,98.32300000000001
6048,92.52599999999998
6049,114.38499999999999
6051,114.396
6052,126.18599999999999
6053,86.80999999999999
6054,111.447
6058,98.52400000000002
6059,94.31999999999998
6062,98.53849999999998
6063,120.85999999999999
6064,99.35099999999998
6065,94.739
6067,100.58300000000001
6068,111.46399999999998
6070,104.98299999999999
6071,104.955
6072,113.36000000000001
6080,113.36000000000001
6081,90.718
6084,102.83000000000001
6087,98.57500000000002
6089,107.749
6092,113.36000000000001
6094,93.22900000000001
6095,109.73049999999998
6097,110.89500000000001
6100,97.765
6104,103.359
6105,91.454
6106,110.455
6107,79.378
6108,93.92099999999998
6109,113.36000000000001
6110,90.741
6114,113.36000000000001
6116,94.50399999999999
6117,98.37800000000001
6118,94.25399999999999
6123,82.2985
6125,111.11499999999998
6128,122.87899999999999
6130,102.33800000000001
6132,108.14000000000001
6137,79.3185
6139,116.795
6140,99.04499999999999
6141,111.71900000000001
6142,102.026
6144,116.78900000000002
6145,92.577
6146,101.346
6149,92.636
6156,92.3785
6159,109.71900000000001
6160,99.04499999999999
6162,99.21199999999999
6164,112.428
6165,93.315
6168,79.55250000000001
6169,107.93000000000004
6170,89.81599999999999
6171,108.84999999999998
6172,89.80499999999999
6173,121.588
6176,101.25750000000002
6177,90.639
6178,93.65266666666669
6180,90.816
6181,98.38
6182,94.09649999999999
6185,91.24000000000001
6186,116.201
6188,117.071
6189,98.261
6192,102.83000000000001
6193,93.05350000000001
6194,105.30600000000001
6195,93.22175
6196,122.86999999999998
6197,91.75300000000001
6201,110.01899999999998
6202,91.29800000000002
6203,116.173
6204,92.739
6207,130.009
6209,100.561
6210,90.32000000000001
6211,117.33599999999998
6213,111.20599999999999
6216,91.81800000000001
6217,91.902
6219,94.25
6222,78.9315
6223,91.07000000000001
6235,101.26
6240,95.438
6242,91.416
6247,93.39399999999999
6251,112.022
6254,113.90350000000001
6255,104.60249999999999
6260,99.981
6261,103.13400000000001
6262,100.28200000000001
6264,113.09800000000003
6269,102.178
6271,108.01999999999998
6275,111.92999999999999
6276,97.45899999999999
6278,96.402
6279,117.47999999999999
6281,112.43199999999999
6284,94.102
6286,95.684
6287,77.2115
6288,91.95899999999999
6292,95.94800000000002
6293,93.623
6295,92.44
6298,109.51799999999999
6300,108.328
6304,99.7525
6308,109.58599999999998
6310,93.19200000000001
6312,113.36000000000001
6320,98.67099999999999
6324,96.751
6325,115.2055
6330,99.75699999999999
6336,114.46800000000003
6340,109.64933333333333
6341,101.26
6342,99.22900000000001
6344,94.943
6345,112.35799999999999
6347,116.226
6348,109.74300000000001
6349,109.51799999999999
6351,75.75000000000001
6353,109.56299999999999
6354,94.86200000000001
6357,95.17150000000001
6358,109.376
6360,106.99299999999998
6363,111.03999999999999
6364,91.819
6368,109.08200000000002
6370,93.36099999999999
6371,90.486
6377,92.46849999999999
6379,96.883
6381,90.255
6382,76.0095
6383,111.9585
6388,112.48400000000001
6390,113.99199999999999
6392,101.431
6393,100.96700000000001
6395,93.04099999999998
6398,108.082
6401,74.99
6402,97.866
6403,114.03400000000002
6405,100.748
6406,91.61100000000002
6407,111.53799999999998
6409,103.85
6411,89.67150000000001
6413,93.30199999999999
6416,104.41100000000002
6417,91.237
6418,88.10700000000001
6419,119.627
6420,108.748
6426,113.86600000000001
6429,94.364
6430,94.77600000000001
6431,114.03400000000002
6432,99.824
6434,90.623
6437,106.88
6438,99.06900000000002
6439,100.245
6440,92.191
6441,102.303
6442,108.12
6443,99.50800000000001
6445,94.576
6448,111.58000000000001
6450,112.16399999999999
6453,101.231
6455,91.185
6457,98.88
6458,105.15900000000002
6461,93.58800000000001
6464,110.50600000000001
6467,91.04499999999999
6469,96.344
6470,75.716
6471,95.1695
6473,99.596
6474,95.22100000000002
6479,91.56200000000001
6481,103.53299999999999
6484,113.176
6495,95.4145
6496,132.84300000000002
6505,111.64099999999999
6506,88.332
6508,106.88500000000002
6509,92.017
6510,112.78
6512,105.58100000000002
6513,92.431
6514,116.04500000000003
6515,92.39333333333335
6519,93.16499999999999
6521,92.88500000000002
6523,76.89200000000001
6525,115.94000000000003
6526,90.58300000000001
6528,93.3785
6529,119.55999999999999
6531,101.79000000000002
6533,101.76
6534,95.024
6535,107.04999999999998
6536,95.893
6537,112.99199999999999
6540,91.434
6541,111.9585
6547,94.37200000000001
6548,106.782
6551,113.944
6553,114.53099999999999
6555,112.69000000000003
6556,96.45000000000002
6561,76.357
6564,95.30100000000002
6565,107.04999999999998
6568,92.737
6569,108.12
6573,101.31800000000001
6574,93.81300000000002
6577,111.06599999999999
6579,112.05299999999997
6581,91.196
6582,107.87
6585,102.51500000000001
6586,92.60299999999998
6589,103.953
6590,75.65300000000002
6593,89.96300000000001
6594,108.936
6595,89.9755
6599,89.978
6600,92.532
6601,109.628
6602,94.45000000000002
6603,111.58000000000001
6604,90.04599999999998
6607,100.31200000000001
6608,108.19800000000001
6609,91.25666666666666
6611,92.592
6613,108.12
6614,93.952
6616,89.82699999999998
6617,108.12
6618,92.82300000000001
6619,102.761
6621,112.69000000000003
6627,102.862
6629,109.77199999999998
6631,74.61500000000001
6634,93.93199999999999
6636,92.105
6638,92.737
6639,108.12
6641,108.12
6642,86.963
6651,112.131
6654,78.08699999999999
6657,93.05699999999999
6663,89.89699999999999
6665,105.002
6666,95.316
6668,93.91799999999999
6669,121.10999999999999
6670,91.90599999999999
6671,92.51566666666666
6673,92.37
6675,88.836
6676,76.49100000000001
6677,91.34200000000001
6679,89.505
6680,109.66399999999999
6681,112.78
6685,110.83999999999999
6688,94.454
6689,88.97900000000001
6690,111.93299999999999
6692,108.12
6693,99.869
6694,91.783
6698,118.74299999999998
6699,95.40800000000002
6700,111.55699999999999
6701,98.88
6702,108.81700000000001
6704,88.97900000000001
6707,114.76299999999999
6712,113.596
6713,97.129
6715,93.50299999999997
6721,112.26299999999999
6722,94.70000000000002
6723,114.17900000000002
6724,93.136
6725,116.65
6731,111.38400000000001
6735,88.013
6736,93.52599999999998
6737,102.36500000000001
6738,94.30199999999999
6739,102.126
6741,105.83500000000001
6743,93.707
6745,93.91799999999999
6747,119.20599999999999
6749,91.40100000000001
6750,101.766
6751,117.21600000000001
6752,99.914
6753,108.12
6755,115.16699999999999
6756,92.136
6757,100.876
6759,114.99900000000002
6761,89.59899999999998
6763,95.1695
6764,115.21600000000001
6765,91.94800000000001
6766,113.86799999999998
6768,113.622
6771,88.97900000000001
6773,94.75900000000001
6774,92.328
6778,100.33699999999999
6779,97.07899999999998
6781,91.30300000000001
6784,88.687
6786,92.264
6787,115.76499999999999
6790,91.018
6793,103.151
6795,107.38500000000002
6798,109.90299999999998
6806,110.601
6807,96.29400000000001
6810,94.90299999999999
6815,109.19000000000001
6816,90.87250000000002
6817,101.10600000000002
6818,95.742
6819,101.22200000000001
6820,93.30700000000002
6822,95.08850000000001
6823,110.84
6824,108.89200000000001
6825,94.013
6828,74.91600000000001
6829,116.946
6831,107.6
6832,90.213
6833,111.76000000000002
6834,91.373
6836,97.172
6837,110.146
6838,92.251
6840,100.422
6843,91.55099999999997
6845,92.42400000000002
6846,93.92
6847,112.173
6851,110.758
6852,92.295
6853,113.73700000000001
6858,97.776
6861,111.29199999999999
6863,107.97999999999999
6864,76.2155
6865,91.72850000000001
6866,109.49300000000001
6867,94.53200000000001
6868,101.092
6869,94.822
6870,108.89200000000001
6874,109.61700000000003
6875,90.1045
6877,110.75300000000001
6878,92.28850000000001
6880,108.699
6883,109.508
6884,92.27499999999999
6886,96.727
6890,97.65499999999999
6893,109.11200000000001
6894,95.62200000000001
6899,110.75300000000001
6900,93.64899999999999
6904,91.422
6905,108.022
6906,89.256
6910,89.47
6912,102.45599999999999
6913,110.56800000000001
6920,91.11800000000001
6922,94.30699999999999
6923,107.38500000000002
6926,97.27999999999999
6927,109.42400000000002
6928,91.76
6931,113.88616666666667
6933,99.515
6936,90.655
6937,108.83000000000001
6939,119.5785
6941,92.197
6942,111.197
6943,99.525
6944,100.81400000000001
6945,94.883
6946,113.24799999999998
6947,110.55499999999999
6949,109.53100000000002
6951,108.7515
6953,111.949
6954,90.09750000000001
6955,109.84599999999998
6963,108.53999999999999
6964,93.94000000000001
6966,101.20899999999999
6968,91.859
6970,98.90999999999998
6972,112.7965
6976,114.128
6978,109.49300000000001
6981,107.26100000000001
6985,104.33
6986,89.77799999999999
6987,111.91899999999998
6989,112.71094444444445
6991,110.84
6993,114.083
6994,89.555
6995,109.30999999999997
6996,91.64
6997,110.66
6998,75.279
7001,111.23866666666666
7003,110.253
7006,95.384
7008,118.69500000000001
7010,88.8145
7011,92.06099999999999
7012,119.26050000000001
7013,92.03266666666666
7014,108.94500000000001
7017,102.63799999999999
7018,111.29099999999998
7019,91.874
7023,91.675
7024,98.28599999999999
7025,92.10300000000001
7026,108.81099999999999
7027,89.342
7028,116.91899999999998
7030,107.38500000000002
7031,90.9
7033,110.801
7036,88.947
7037,94.744
7039,100.5555
7044,91.74600000000001
7045,110.146
7046,96.42260000000002
7049,102.29100000000003
7050,96.24300000000001
7051,98.90999999999998
7054,114.90833333333335
7055,108.503
7057,93.77250000000001
7060,110.75300000000001
7061,102.89000000000001
7063,89.16400000000002
7064,107.671
7067,108.699
7071,95.45099999999998
7074,105.465
7075,98.39000000000001
7078,110.146
7079,87.485
7080,110.68499999999999
7081,101.62899999999999
7082,108.22999999999999
7083,102.55
7085,111.79133333333334
7092,101.99
7094,92.11500000000002
7100,92.04249999999999
7101,108.08599999999998
7102,109.49300000000001
7104,112.881
7105,102.89000000000001
7106,101.23600000000002
7107,99.346
7108,76.51000000000002
7109,89.1235
7110,108.83000000000001
7112,91.92099999999999
7113,99.79099999999998
7114,92.94900000000001
7116,109.4645
7117,121.38000000000002
7118,100.021
7120,92.19000000000001
7121,103.53900000000002
7123,104.061
7124,98.77933333333333
7127,110.56300000000002
7131,103.059
7132,95.742
7133,90.5395
7134,109.49100000000001
7135,90.30449999999999
7136,110.29800000000003
7137,92.46399999999998
7141,92.44566666666665
7144,101.50399999999999
7147,108.66900000000001
7148,92.56799999999998
7150,91.08700000000002
7151,92.19000000000001
7152,107.585
7154,89.975
7156,94.36399999999999
7157,102.963
7159,110.55499999999999
7161,96.3205
7163,96.70625
7164,103.482
7167,77.25600000000001
7169,101.05699999999999
7170,91.25899999999999
7173,90.628
7174,107.55199999999999
7177,109.277
7178,100.42700000000002
7179,90.37249999999999
7180,75.047
7181,109.41999999999999
7182,103.075
7184,104.93599999999999
7185,120.88666666666668
7186,92.90899999999999
7187,113.679
7188,93.55999999999999
7189,109.929
7191,100.737
7193,111.16999999999999
7197,90.034
7199,89.843
7200,108.22999999999999
7201,90.30449999999999
7204,92.276
7207,107.14200000000001
7209,107.97999999999999
7210,98.35400000000001
7211,102.80550000000001
7213,91.11200000000001
7214,110.66
7216,107.85
7217,98.049
7220,112.082
7224,107.38500000000002
7225,102.91
7226,107.85
7227,99.24249999999999
7234,120.88666666666668
7236,88.84599999999999
7239,101.273
7240,93.123
7242,108.41
7244,108.88600000000001
7245,91.98499999999999
7247,112.954
7248,92.223
7249,118.44000000000003
7250,115.28866666666666
7251,93.60900000000001
7252,111.48200000000001
7253,80.50750000000001
7256,94.322
7260,91.2635
7261,108.59199999999998
7264,90.625
7269,108.72966666666666
7270,94.1445
7273,109.13400000000001
7279,93.93599999999998
7281,114.12666666666664
7284,90.64949999999999
7285,112.277
7286,116.13000000000002
7287,92.645
7289,90.27999999999999
7292,88.60999999999999
7293,112.37549999999999
7296,91.716
7297,118.06900000000003
7298,90.41749999999999
7299,121.19000000000001
7301,103.904
7304,109.22200000000001
7306,116.84200000000001
7308,90.27999999999999
7309,98.74
7312,90.46099999999998
7313,80.50750000000001
7314,91.5835
7316,94.055
7319,115.68849999999998
7321,90.716
7323,93.4795
7324,113.62700000000002
7325,95.59599999999999
7328,96.15000000000002
7330,76.735
7334,94.25699999999999
7337,122.21900000000001
7338,92.08
7339,90.5035
7341,91.054
7342,113.28566666666666
7344,111.94449999999999
7345,106.92599999999997
7347,111.771
7349,114.12666666666664
7350,91.229
7353,114.843
7355,113.151
7356,90.53100000000002
7357,136.75
7358,97.732
7360,91.96300000000001
7363,103.228
7364,89.05999999999999
7366,95.998
7368,91.13699999999999
7369,110.93800000000002
7370,91.465
7373,91.893
7374,109.239
7375,90.11500000000001
7377,94.51950000000001
7379,92.6208
7380,111.7
7382,107.553
7383,92.0
7385,93.66599999999998
7386,115.15400000000002
7391,97.584
7394,106.24099999999999
7396,115.28866666666666
7397,92.74300000000001
7399,94.9715
7400,109.36099999999999
7403,78.87750000000001
7405,111.07700000000003
7408,110.229
7414,111.27066666666667
7416,98.578
7417,92.06199999999998
7419,92.466
7420,103.577
7421,91.03050000000002
7422,90.90150000000001
7423,104.973
7425,75.92500000000001
7430,90.08899999999998
7432,95.87100000000001
7433,91.43199999999999
7434,108.84
7436,111.51050000000002
7437,90.073
7438,106.49100000000001
7440,100.83800000000002
7441,91.23599999999999
7442,109.48899999999999
7445,114.019
7446,96.39100000000002
7448,109.056
7450,104.46699999999998
7451,94.10000000000001
7454,107.71700000000001
7455,89.42999999999999
7457,110.681
7459,97.87
7462,94.07000000000001
7464,94.10000000000001
7465,106.822
7466,94.3745
7467,108.03400000000002
7469,116.89200000000001
7472,88.80500000000002
7473,105.41
7479,94.25699999999999
7480,102.10000000000001
7484,110.19066666666667
7491,92.19999999999999
7494,104.572
7495,90.28800000000003
7501,91.38900000000001
7503,90.15499999999999
7504,105.03400000000002
7505,88.34000000000002
7508,110.55199999999999
7509,91.3305
7510,80.50750000000001
7511,108.59366666666668
7515,94.271
7516,107.758
7517,89.78999999999999
7518,99.11500000000001
7519,92.58099999999999
7521,91.989
7522,104.68299999999999
7524,108.833
7526,105.46900000000001
7527,88.742
7528,103.106
7529,92.39000000000001
7534,109.675
7537,110.59849999999999
7538,93.244
7540,92.32849999999999
7541,112.075
7545,131.67000000000002
7551,107.57950000000001
7553,93.52350000000001
7554,102.68999999999998
7555,92.606
7561,111.603
7562,117.71000000000001
7564,97.67999999999999
7565,98.96700000000001
7566,94.64650000000002
7567,112.78900000000002
7569,99.678
7570,90.57849999999999
7571,111.311
7572,96.567
7574,106.603
7578,116.35999999999999
7579,90.571
7586,99.69800000000001
7587,75.45899999999999
7590,91.588
7593,105.41
7594,91.958
7595,94.64650000000002
7600,91.211
7601,77.03900000000002
7602,89.749
7603,113.22200000000001
7604,92.83550000000001
7606,96.2225
7608,109.47966666666666
7613,83.881
7615,109.28200000000001
7616,111.95500000000001
7617,116.41199999999999
7618,88.742
7619,103.804
7622,95.71300000000001
7623,105.60499999999999
7624,90.73199999999999
7625,104.03
7626,100.173
7627,103.38400000000001
7628,75.889
7631,101.119
7632,105.18000000000004
7633,88.23100000000001
7634,115.09100000000001
7635,92.334
7636,113.205
7637,113.205
7639,90.9145
7640,78.229
7644,113.234
7645,90.574
7648,99.68100000000001
7649,93.59299999999999
7650,122.55199999999999
7652,106.822
7653,93.91600000000001
7655,93.94150000000002
7659,111.67999999999999
7662,104.34399999999998
7664,91.87899999999999
7666,98.20599999999999
7668,96.213
7669,110.82400000000003
7670,90.333
7672,91.821
7673,109.194
7678,93.604
7679,75.61
7680,103.36333333333332
7683,92.24999999999997
7685,116.13000000000002
7688,93.809
7690,110.24650000000001
7692,91.78599999999999
7693,92.57749999999999
7695,122.21900000000001
7696,90.28900000000002
7698,95.35099999999998
7699,110.98499999999997
7702,93.595
7703,108.87549999999999
7704,94.19800000000001
7707,108.59366666666668
7713,76.97299999999998
7715,104.994
7717,114.029
7718,88.48599999999999
7719,102.076
7721,109.70800000000001
7722,93.65799999999999
7725,103.626
7727,101.195
7730,77.32600000000001
7733,89.40899999999999
7735,97.50299999999999
7740,114.91499999999999
7741,108.946
7742,90.16
7744,112.01100000000001
7747,90.46400000000001
7750,76.4
7752,115.32549999999999
7754,107.32700000000003
7756,104.311
7757,94.708
7758,102.81466666666668
7760,104.18000000000004
7761,87.722
7763,114.65449999999998
7765,89.651
7767,116.9455
7768,89.79600000000002
7771,90.761
7773,88.105
7774,112.99199999999999
7776,112.01700000000001
7779,88.35599999999997
7783,90.949
7786,107.55699999999999
7787,90.269
7789,89.82900000000001
7791,90.77799999999999
7793,90.509
7794,110.407
7795,90.49300000000001
7799,75.11999999999999
7800,111.27800000000002
7802,99.44000000000001
7805,112.68199999999999
7807,99.28
7808,89.44599999999998
7811,108.186
7817,108.04499999999999
7818,103.08000000000001
7819,97.642
7822,87.801
7823,109.12
7825,112.78699999999999
7828,88.48949999999999
7832,89.479
7833,76.88
7834,120.54027777777776
7835,88.9105
7837,88.996
7840,90.37699999999998
7842,90.33249999999998
7843,115.78
7844,89.72
7846,87.722
7850,92.487
7853,113.66399999999999
7855,109.777
7858,90.656
7863,111.043
7865,107.44000000000003
7866,91.47400000000002
7868,88.798
7869,112.83999999999999
7871,76.9515
7872,95.505
7874,101.22200000000001
7877,109.22999999999999
7878,89.14
7879,111.96199999999999
7881,89.29150000000001
7883,90.626
7885,97.65299999999999
7886,96.286
7889,90.42400000000002
7890,103.376
7891,94.0995
7893,91.28399999999999
7894,99.98800000000001
7896,110.56999999999996
7898,97.78800000000001
7901,88.526
7902,111.68000000000004
7904,113.76500000000001
7905,88.27900000000002
7906,114.44000000000001
7909,104.41999999999999
7910,98.92500000000001
7913,94.928
7918,109.96550000000002
7919,89.8
7923,90.06249999999999
7925,87.221
7927,87.654
7930,89.367
7932,88.70100000000002
7933,89.4245
7935,92.01783333333333
7939,102.42699999999999
7942,88.705
7943,112.91100000000002
7945,102.172
7946,90.61999999999999
7948,90.435
7949,107.225
7950,89.49499999999998
7951,116.9455
7955,103.45300000000002
7959,87.69499999999998
7960,114.91499999999999
7961,90.51299999999999
7962,102.11600000000001
7964,100.78600000000002
7965,88.90399999999998
7966,110.82099999999998
7967,99.129
7968,89.40799999999999
7971,103.8
7974,89.8
7976,111.68199999999999
7978,110.625
7982,114.91499999999999
7983,97.204
7984,98.01
7986,87.27400000000002
7989,107.225
7991,111.68000000000004
7992,109.934
7993,94.47300000000001
7994,113.53699999999999
7995,89.479
7997,90.27199999999999
7998,98.01
7999,108.04499999999999
8002,89.34049999999999
8007,96.897
8009,91.63199999999999
8011,93.159
8013,86.484
8015,103.05200000000002
8017,111.04900000000002
8019,114.26124999999999
8023,89.27399999999999
8024,111.85999999999999
8026,108.25399999999999
8027,89.12750000000001
8029,88.51
8030,109.978
8031,89.525
8033,109.59699999999998
8035,94.793
8036,106.322
8039,104.38249999999998
8042,88.951
8044,88.82000000000002
8046,76.5425
8048,113.40300000000002
8049,88.27900000000002
8050,104.422
8053,90.17150000000001
8054,91.66699999999999
8059,88.474
8061,89.27349999999998
8062,108.65899999999999
8064,110.24533333333333
8066,103.00099999999998
8067,89.29100000000001
8068,95.609
8070,97.968
8071,114.40799999999999
8072,91.1055
8076,103.946
8080,89.44500000000002
8081,113.99000000000001
8084,104.54299999999998
8087,117.81700000000001
8089,88.41300000000001
8090,111.672
8091,100.8665
8094,140.365
8100,89.30199999999999
8101,88.89000000000001
8110,89.44399999999999
8111,111.68000000000004
8112,96.73400000000001
8115,108.31800000000001
8116,98.651
8118,110.24533333333333
8121,117.95
8125,108.703
8127,109.463
8128,91.4795
8129,106.19000000000003
8131,96.26700000000001
8138,91.02399999999999
8139,99.605
8140,88.74799999999999
8141,88.105
8142,111.397
8143,108.16399999999999
8145,108.25399999999999
8146,89.816
8148,108.7165
8153,111.63500000000002
8154,87.89700000000002
8155,144.33700000000002
8161,97.61749999999999
8162,106.984
8163,88.2525
8166,112.891
8168,108.4635
8170,92.80349999999999
8172,110.00899999999999
8173,91.02999999999999
8176,104.859
8179,92.75700000000002
8181,93.56550000000001
8182,113.19000000000001
8184,109.526
8190,103.08133333333335
8191,98.53699999999999
8194,112.88
8196,118.21700000000001
8198,111.36500000000001
8199,108.77799999999999
8201,112.31800000000001
8202,90.678
8207,95.3175
8208,107.66499999999999
8211,107.96600000000001
8214,108.902
8217,92.262
8218,109.01100000000001
8222,98.48
8229,103.69000000000001
8231,90.989
8233,89.66666666666666
8236,92.23299999999999
8238,123.42116666666668
8240,99.75800000000001
8243,101.70799999999998
8246,118.136
8250,98.29
8254,95.446
8256,80.68050000000001
8257,109.999
8258,91.784
8260,93.235
8261,111.202
8263,116.58
8264,93.87900000000002
8267,112.60499999999999
8268,91.9245
8271,91.35900000000001
8272,107.66499999999999
8275,98.51799999999997
8276,93.902
8277,105.46699999999998
8278,121.63600000000001
8279,91.06500000000001
8280,109.072
8281,92.321
8282,111.46099999999998
8287,112.02649999999998
8288,91.79399999999998
8289,121.05416666666665
8294,96.44799999999998
8296,92.52499999999999
8299,114.59144444444443
8302,97.65999999999998
8308,112.457
8314,103.049
8315,94.38600000000001
8316,109.49100000000001
8317,91.761
8319,112.995
8320,90.95899999999999
8321,114.963
8323,97.155
8325,96.3415
8326,108.94300000000001
8328,109.155
8330,114.09600000000003
8331,93.16899999999998
8332,120.36500000000001
8334,92.822
8338,90.65
8339,104.19099999999999
8341,87.48
8345,108.232
8346,92.65466666666669
8347,102.67699999999998
8349,93.651
8351,90.9145
8352,120.8
8353,109.155
8355,109.3905
8358,108.676
8359,112.093
8360,88.67566666666667
8361,108.08399999999999
8363,100.49600000000001
8364,97.06899999999999
8365,91.27066666666667
8366,101.408
8370,110.667
8372,95.94800000000001
8376,95.55999999999999
8377,110.1385
8379,110.8595
8380,92.25900000000001
8381,112.617
8386,89.79299999999999
8388,105.53399999999996
8389,92.27600000000001
8391,109.59199999999998
8394,95.446
8396,102.81099999999999
8398,100.99199999999999
8400,113.574
8401,90.976
8404,87.48
8407,93.315
8408,112.05050000000001
8409,109.078
8410,102.63
8411,91.573
8413,97.27366666666667
8414,113.035
8416,92.10749999999999
